model,accuracy,precision,recall,f1_score,roc_auc
decision_tree,0.5605381165919282,0.5501493888345267,0.5605381165919282,0.5411636073677156,0.7672740929465365
naive_bayes,0.1210762331838565,0.3648890698010825,0.1210762331838565,0.13432327289131046,0.7319759491201433
logistic_regression,0.5829596412556054,0.5853901703677489,0.5829596412556054,0.5678416309895735,0.8327389697412341
knn,0.6121076233183856,0.6055161474451898,0.6121076233183856,0.6002155561116512,0.8388811784313465
random_forest,0.6233183856502242,0.6111557722268673,0.6233183856502242,0.6116265779543765,0.8535151264789226
